"0","49","1552","4","2025-01-16 17:20:30"
"1","33","1977","5","2025-07-08 17:10:27"
"2","51","1880","3","2025-07-05 02:12:20"
"3","45","1194","2","2025-07-16 00:01:20"
"4","17","577","2","2025-10-21 12:36:20"
"5","12","1266","3","2025-07-26 19:51:10"
"6","90","1659","5","2025-02-27 01:46:46"
"7","39","202","1","2025-09-23 15:11:32"
"8","42","966","5","2025-02-09 02:36:11"
"9","45","889","3","2025-08-26 05:52:45"
"10","81","1869","2","2025-08-03 13:53:38"
"11","61","906","5","2025-04-12 03:57:51"
"12","7","1648","5","2025-01-06 10:52:41"
"13","11","1473","4","2025-10-03 20:02:30"
"14","85","1280","1","2025-08-26 15:17:39"
"15","63","1695","3","2025-04-05 17:24:50"
"16","93","666","1","2025-03-16 04:52:27"
"17","72","454","2","2025-02-25 08:08:38"
"18","69","917","1","2025-02-01 05:48:33"
"19","40","1792","5","2025-07-10 00:29:00"
"20","13","617","5","2025-04-24 01:09:42"
"21","90","255","5","2025-05-10 05:27:34"
"22","69","416","5","2025-08-01 12:33:15"
"23","75","589","4","2025-02-05 14:04:22"
"24","76","1634","4","2025-05-04 03:05:26"
"25","73","495","3","2025-03-13 09:46:50"
"26","24","1682","2","2025-01-13 19:19:30"
"27","78","1344","3","2025-07-05 01:35:26"
"28","8","183","2","2025-02-28 01:54:36"
"29","4","1725","1","2025-09-29 14:09:39"
"30","69","1399","4","2025-10-01 21:43:03"
"31","67","564","5","2025-04-02 11:02:06"
"32","27","1833","5","2025-06-12 21:18:28"
"33","74","563","4","2025-07-11 07:52:51"
"34","84","1313","3","2025-02-01 23:46:18"
"35","41","1254","1","2025-07-08 21:59:18"
"36","75","1290","3","2025-03-15 22:27:34"
"37","31","33","3","2025-02-15 11:46:14"
"38","90","451","3","2025-03-08 05:00:19"
"39","42","872","1","2025-02-09 01:43:48"
"40","18","1751","2","2025-01-18 13:36:43"
"41","73","1298","5","2025-08-22 20:38:08"
"42","87","151","1","2025-02-18 07:53:58"
"43","81","386","5","2025-08-12 16:16:14"
"44","15","801","1","2025-05-24 17:57:15"
"45","14","74","5","2025-01-09 09:40:00"
"46","24","1968","2","2025-10-06 21:18:04"
"47","15","981","2","2025-10-10 09:34:40"
"48","7","1918","1","2025-07-31 08:38:30"
"49","54","1270","1","2025-04-11 22:37:44"
"50","8","452","1","2025-09-09 05:47:05"
"51","38","717","4","2025-03-12 00:41:04"
"52","7","1031","4","2025-01-16 07:02:10"
"53","76","206","4","2025-03-19 10:07:50"
"54","33","734","4","2025-08-10 06:37:39"
"55","21","1428","2","2025-10-26 00:12:17"
"56","7","1615","2","2025-03-04 21:31:16"
"57","43","1084","3","2025-02-15 12:30:10"
"58","76","1887","4","2025-09-16 11:53:45"
"59","22","27","4","2025-09-22 13:59:46"
"60","52","1843","5","2025-07-17 12:29:48"
"61","39","1329","3","2025-05-31 22:24:29"
"62","84","513","2","2025-08-06 17:10:21"
"63","88","25","4","2025-10-15 23:58:27"
"64","10","687","1","2025-07-31 09:25:31"
"65","35","276","2","2025-10-23 23:54:29"
"66","61","721","5","2025-04-22 19:12:59"
"67","86","735","5","2025-09-04 02:57:29"
"68","79","271","3","2025-05-31 16:34:57"
"69","95","848","1","2025-01-01 14:12:24"
"70","76","393","3","2025-03-04 04:03:06"
"71","30","456","4","2025-05-28 01:15:20"
"72","90","1792","5","2025-06-10 22:32:51"
"73","4","823","5","2025-06-12 10:09:14"
"74","98","1356","1","2025-03-06 08:12:09"
"75","57","130","3","2025-09-30 10:36:16"
"76","20","914","5","2025-07-09 05:38:40"
"77","71","1236","1","2025-01-16 02:40:09"
"78","63","667","3","2025-07-01 07:45:03"
"79","6","1656","4","2025-03-15 00:17:56"
"80","70","1972","1","2025-10-09 18:39:24"
"81","16","30","4","2025-09-21 12:13:05"
"82","53","647","1","2025-03-24 22:11:38"
"83","1","1469","1","2025-09-20 10:33:26"
"84","67","1253","1","2025-03-15 23:12:54"
"85","15","1245","2","2025-04-28 10:43:18"
"86","35","1410","2","2025-02-08 21:45:06"
"87","60","1748","4","2025-09-01 18:01:13"
"88","10","44","3","2025-06-25 22:03:45"
"89","14","1764","3","2025-02-21 19:34:10"
"90","83","1066","3","2025-02-14 16:53:48"
"91","19","570","1","2025-01-17 10:14:32"
"92","5","421","3","2025-08-05 20:15:09"
"93","40","1938","3","2025-08-09 09:10:59"
"94","5","1733","5","2025-09-12 12:24:55"
"95","63","1458","4","2025-09-06 14:32:54"
"96","55","762","5","2025-03-11 05:46:03"
"97","26","769","5","2025-04-24 00:38:50"
"98","1","283","2","2025-04-16 09:23:01"
"99","42","691","3","2025-10-07 00:54:00"
"100","11","692","5","2025-01-14 20:25:34"
"101","5","552","2","2025-02-28 00:39:30"
"102","74","592","3","2025-06-03 07:43:40"
"103","70","265","3","2025-02-14 14:54:43"
"104","61","1496","2","2025-01-19 17:46:54"
"105","39","367","5","2025-10-10 23:36:37"
"106","9","619","4","2025-05-08 14:02:05"
"107","38","849","1","2025-02-08 14:28:41"
"108","71","1860","4","2025-07-04 02:02:36"
"109","43","1722","3","2025-02-18 06:47:28"
"110","61","237","4","2025-06-15 15:35:50"
"111","4","618","3","2025-10-13 08:22:32"
"112","87","1831","2","2025-03-06 16:24:57"
"113","80","1156","4","2025-09-06 02:46:45"
"114","11","134","1","2025-03-18 21:52:09"
"115","95","452","1","2025-05-30 10:42:24"
"116","1","200","4","2025-08-05 02:43:09"
"117","66","593","4","2025-07-09 18:15:26"
"118","74","1463","2","2025-06-14 07:00:02"
"119","10","754","2","2025-04-12 07:55:06"
"120","74","1591","2","2025-06-17 11:16:16"
"121","24","734","1","2025-01-25 19:11:57"
"122","89","56","5","2025-06-25 09:19:37"
"123","96","1386","2","2025-02-16 04:19:27"
"124","63","815","3","2025-03-22 11:32:31"
"125","82","86","2","2025-08-31 02:38:59"
"126","18","214","2","2025-06-28 00:40:21"
"127","48","740","5","2025-02-28 18:32:18"
"128","13","1221","4","2025-02-27 15:12:25"
"129","72","831","4","2025-07-22 10:12:11"
"130","63","1391","3","2025-07-13 13:48:20"
"131","63","1300","2","2025-07-30 19:20:50"
"132","78","1907","2","2025-01-04 18:27:14"
"133","43","1445","3","2025-05-05 23:37:31"
"134","4","1075","2","2025-04-10 18:18:46"
"135","77","1605","2","2025-05-28 04:35:01"
"136","74","602","4","2025-01-26 18:30:42"
"137","10","1057","1","2025-01-26 18:28:13"
"138","28","267","1","2025-04-27 16:22:51"
"139","1","1554","4","2025-05-09 09:21:46"
"140","20","1639","2","2025-09-12 19:08:34"
"141","58","1983","3","2025-07-16 02:56:17"
"142","48","1845","5","2025-07-15 02:58:26"
"143","4","1175","1","2025-09-21 12:44:36"
"144","66","1552","5","2025-01-30 15:42:32"
"145","95","873","2","2025-04-23 11:51:55"
"146","68","1845","5","2025-06-12 06:33:25"
"147","61","1731","4","2025-08-24 21:39:25"
"148","75","478","1","2025-09-13 03:32:23"
"149","0","1517","2","2025-04-28 10:57:51"
"150","64","1167","3","2025-05-10 04:51:23"
"151","8","1010","3","2025-04-28 14:20:45"
"152","98","835","4","2025-05-30 00:09:05"
"153","7","335","2","2025-04-03 19:11:28"
"154","36","1493","3","2025-01-22 13:32:58"
"155","4","985","4","2025-02-24 17:19:43"
"156","62","1822","5","2025-10-06 12:41:01"
"157","10","1379","2","2025-05-18 00:04:18"
"158","52","72","5","2025-07-01 02:02:05"
"159","49","939","1","2025-02-09 09:52:00"
"160","60","1593","2","2025-01-08 20:32:21"
"161","4","1225","5","2025-02-21 12:52:18"
"162","80","663","1","2025-09-29 21:12:56"
"163","70","1329","3","2025-03-17 17:17:09"
"164","49","1604","4","2025-02-13 02:33:58"
"165","7","1249","4","2025-08-27 13:58:42"
"166","80","1912","3","2025-09-10 14:50:24"
"167","15","1985","5","2025-04-26 02:31:16"
"168","16","1962","4","2025-04-25 02:26:50"
"169","95","1786","1","2025-07-21 13:29:55"
"170","24","78","4","2025-06-22 15:46:56"
"171","47","1549","2","2025-06-26 21:17:25"
"172","45","1617","1","2025-01-18 08:05:00"
"173","5","995","3","2025-01-11 08:27:06"
"174","66","1365","5","2025-08-11 01:31:57"
"175","27","470","1","2025-09-01 16:03:01"
"176","99","1028","5","2025-06-13 03:43:09"
"177","64","625","1","2025-02-26 13:55:59"
"178","54","1826","5","2025-06-13 21:51:06"
"179","10","1916","1","2025-06-11 10:03:24"
"180","8","203","4","2025-10-28 12:30:48"
"181","19","1503","1","2025-06-23 11:43:08"
"182","55","1405","4","2025-01-12 16:52:17"
"183","63","1882","3","2025-10-08 14:35:12"
"184","32","160","3","2025-01-28 07:31:05"
"185","15","735","1","2025-05-15 03:46:54"
"186","44","364","1","2025-03-31 12:21:19"
"187","46","144","5","2025-02-25 15:34:12"
"188","26","6","2","2025-09-13 22:29:51"
"189","86","1499","1","2025-10-18 11:38:57"
"190","0","600","3","2025-09-25 18:17:36"
"191","3","1910","5","2025-04-01 10:26:29"
"192","18","382","4","2025-02-13 15:33:37"
"193","61","705","3","2025-02-20 13:09:27"
"194","3","1979","2","2025-05-21 16:19:13"
"195","42","969","3","2025-04-26 02:09:03"
"196","70","1302","3","2025-03-13 11:25:43"
"197","75","165","1","2025-07-27 02:02:38"
"198","74","630","2","2025-05-27 06:03:47"
"199","18","1936","2","2025-03-28 12:48:32"
"200","40","1041","2","2025-04-02 21:48:17"
"201","96","376","3","2025-05-25 15:35:48"
"202","53","1358","1","2025-02-21 08:30:30"
"203","76","42","4","2025-01-31 06:16:38"
"204","89","149","2","2025-06-13 04:50:36"
"205","38","1127","4","2025-10-15 17:29:27"
"206","18","1210","4","2025-04-26 17:49:23"
"207","81","726","1","2025-04-07 08:04:22"
"208","56","1295","3","2025-09-05 09:41:06"
"209","67","118","4","2025-06-08 16:40:20"
"210","1","854","3","2025-06-21 09:11:23"
"211","26","761","3","2025-07-02 20:59:24"
"212","11","1946","2","2025-02-12 04:22:03"
"213","35","229","5","2025-08-24 04:05:47"
"214","88","315","4","2025-06-04 20:52:12"
"215","23","1572","4","2025-06-17 15:53:21"
"216","22","507","4","2025-05-13 04:38:42"
"217","66","291","3","2025-06-29 14:12:35"
"218","80","1305","1","2025-07-07 16:34:13"
"219","96","417","3","2025-01-01 17:10:46"
"220","89","919","5","2025-06-29 10:15:11"
"221","0","447","3","2025-02-14 10:49:07"
"222","98","1288","3","2025-07-31 17:42:28"
"223","77","319","4","2025-10-02 07:08:15"
"224","96","965","1","2025-09-21 09:05:02"
"225","63","1556","2","2025-07-31 04:01:54"
"226","97","830","3","2025-09-03 11:16:42"
"227","2","247","3","2025-09-17 14:45:57"
"228","5","0","3","2025-06-04 17:37:25"
"229","67","1823","5","2025-10-03 17:21:02"
"230","50","910","1","2025-10-17 22:21:33"
"231","32","724","3","2025-10-21 07:11:13"
"232","86","1861","2","2025-08-20 05:37:21"
"233","10","72","1","2025-04-12 22:33:15"
"234","39","1092","3","2025-02-15 21:33:44"
"235","67","1760","2","2025-10-23 22:21:35"
"236","20","139","4","2025-04-23 12:07:28"
"237","36","1064","2","2025-08-11 21:53:53"
"238","66","1284","2","2025-07-26 08:46:53"
"239","13","841","5","2025-06-06 16:04:49"
"240","94","1594","3","2025-04-24 12:00:22"
"241","56","761","5","2025-09-02 04:56:32"
"242","17","321","1","2025-09-28 16:48:30"
"243","15","781","4","2025-08-18 13:06:05"
"244","59","285","5","2025-09-17 12:37:10"
"245","38","725","4","2025-10-16 07:09:40"
"246","53","446","4","2025-07-09 20:29:17"
"247","88","1027","3","2025-07-11 08:28:51"
"248","83","1962","1","2025-06-22 10:12:35"
"249","38","292","4","2025-01-21 08:27:29"
"250","79","441","1","2025-05-19 00:34:50"
"251","60","800","1","2025-07-24 14:23:34"
"252","8","1406","1","2025-09-24 12:44:49"
"253","94","1893","4","2025-01-03 11:52:15"
"254","46","84","1","2025-08-30 02:59:28"
"255","0","553","3","2025-10-10 09:03:45"
"256","29","288","5","2025-04-22 19:38:49"
"257","24","215","4","2025-06-28 23:51:06"
"258","91","676","4","2025-03-07 08:15:14"
"259","42","863","4","2025-02-27 11:38:23"
"260","57","1911","2","2025-07-23 13:32:33"
"261","40","264","2","2025-03-14 13:19:47"
"262","56","715","4","2025-06-15 22:38:00"
"263","62","797","2","2025-03-18 04:40:00"
"264","56","1925","2","2025-08-16 18:51:29"
"265","90","101","4","2025-01-13 22:11:06"
"266","29","1296","1","2025-03-14 12:41:27"
"267","46","116","2","2025-04-01 12:18:55"
"268","78","609","5","2025-02-03 15:26:48"
"269","90","1779","5","2025-10-19 20:24:51"
"270","36","1579","3","2025-06-09 18:49:38"
"271","58","110","5","2025-09-16 12:07:04"
"272","83","1955","5","2025-10-13 05:15:32"
"273","55","1189","4","2025-07-10 09:00:51"
"274","32","1442","4","2025-03-25 15:51:22"
"275","43","544","1","2025-01-18 00:18:47"
"276","6","333","3","2025-01-02 12:06:48"
"277","37","1340","1","2025-02-24 12:41:16"
"278","8","1611","4","2025-09-22 06:45:25"
"279","28","1987","5","2025-06-03 23:46:58"
"280","71","1887","2","2025-06-26 04:49:45"
"281","24","695","5","2025-02-09 17:52:02"
"282","77","1808","1","2025-05-04 21:34:35"
"283","41","1097","4","2025-05-07 06:33:24"
"284","32","59","5","2025-01-18 05:23:43"
"285","24","755","1","2025-03-23 09:31:57"
"286","67","708","2","2025-03-20 07:14:57"
"287","32","1377","3","2025-05-02 06:12:50"
"288","66","1761","4","2025-04-09 21:24:32"
"289","61","704","2","2025-01-18 06:47:49"
"290","39","1913","5","2025-01-29 02:14:11"
"291","1","943","4","2025-10-09 09:48:23"
"292","56","97","4","2025-07-11 16:31:02"
"293","58","901","1","2025-02-03 05:59:47"
"294","10","493","1","2025-10-25 06:25:50"
"295","19","847","2","2025-06-21 03:03:37"
"296","78","157","4","2025-08-06 02:21:43"
"297","96","1815","4","2025-01-16 06:47:03"
"298","23","511","4","2025-03-27 11:01:09"
"299","16","1721","3","2025-05-17 17:50:34"
"300","40","890","1","2025-08-05 08:07:12"
"301","36","1249","5","2025-03-20 03:10:49"
"302","91","607","4","2025-07-19 15:09:28"
"303","77","946","5","2025-09-04 08:37:45"
"304","33","558","2","2025-01-07 10:20:08"
"305","15","1259","1","2025-03-09 00:31:35"
"306","93","849","2","2025-03-26 16:30:37"
"307","36","1801","1","2025-10-16 03:12:36"
"308","68","1055","4","2025-01-20 07:53:36"
"309","15","787","3","2025-02-15 22:07:00"
"310","94","1156","3","2025-03-31 03:40:45"
"311","86","1467","5","2025-09-14 13:19:01"
"312","36","453","2","2025-01-26 03:51:37"
"313","66","629","3","2025-04-01 17:20:21"
"314","47","1287","4","2025-04-22 09:27:32"
"315","74","350","2","2025-01-07 00:27:32"
"316","70","1033","3","2025-05-23 12:34:08"
"317","74","1300","1","2025-02-20 10:02:12"
"318","50","317","2","2025-07-18 05:58:02"
"319","9","277","2","2025-07-12 21:55:40"
"320","72","1571","2","2025-04-02 09:18:10"
"321","93","270","2","2025-10-23 03:24:05"
"322","49","723","5","2025-08-18 12:46:50"
"323","16","1288","4","2025-02-11 22:45:44"
"324","78","1707","1","2025-07-24 10:44:06"
"325","76","734","4","2025-06-26 22:31:36"
"326","39","25","2","2025-08-04 17:50:40"
"327","83","333","4","2025-10-14 08:48:02"
"328","61","1118","3","2025-10-01 11:50:38"
"329","10","530","2","2025-08-23 16:32:24"
"330","51","1440","2","2025-05-03 21:15:15"
"331","37","786","1","2025-03-23 00:53:02"
"332","4","645","2","2025-05-14 06:31:59"
"333","56","1368","2","2025-04-12 00:22:08"
"334","44","1375","2","2025-04-29 09:53:47"
"335","2","729","5","2025-07-29 12:37:42"
"336","7","1499","2","2025-05-18 06:06:32"
"337","2","1005","1","2025-01-10 12:57:33"
"338","30","92","1","2025-03-29 16:22:51"
"339","83","669","1","2025-01-25 05:39:50"
"340","44","1990","4","2025-02-22 18:13:14"
"341","27","919","4","2025-02-25 04:02:53"
"342","45","638","2","2025-09-10 01:49:26"
"343","42","1491","4","2025-05-29 14:43:36"
"344","1","838","3","2025-07-27 06:29:47"
"345","68","1647","4","2025-10-22 19:11:40"
"346","5","1156","1","2025-06-08 19:32:21"
"347","49","350","1","2025-07-14 09:30:14"
"348","17","1273","5","2025-10-12 10:47:15"
"349","89","303","1","2025-05-09 04:17:54"
"350","30","1720","2","2025-04-06 20:17:21"
"351","2","1959","2","2025-10-16 11:30:25"
"352","87","1149","2","2025-10-06 18:18:49"
"353","10","874","5","2025-02-10 06:10:00"
"354","79","1287","4","2025-10-03 18:40:54"
"355","19","1259","5","2025-01-16 13:16:54"
"356","32","696","4","2025-01-11 14:08:54"
"357","80","1909","1","2025-07-12 18:16:12"
"358","11","733","3","2025-09-18 20:11:21"
"359","19","938","2","2025-07-17 01:39:53"
"360","45","332","4","2025-05-12 03:05:11"
"361","34","1645","4","2025-06-02 11:14:03"
"362","1","636","5","2025-04-22 22:28:37"
"363","70","960","1","2025-10-28 04:03:56"
"364","68","1168","5","2025-04-12 22:10:46"
"365","87","78","4","2025-06-03 10:16:30"
"366","92","245","4","2025-05-15 14:26:31"
"367","63","104","1","2025-04-17 01:00:27"
"368","94","70","3","2025-09-22 08:49:13"
"369","87","1191","3","2025-09-24 11:00:58"
"370","97","424","5","2025-07-20 11:54:05"
"371","43","790","3","2025-03-23 03:44:20"
"372","14","1159","3","2025-04-05 05:37:48"
"373","75","1380","5","2025-09-22 14:24:25"
"374","45","332","2","2025-05-09 09:57:36"
"375","95","1679","1","2025-08-16 03:58:04"
"376","6","1156","2","2025-05-14 19:43:45"
"377","46","596","3","2025-05-06 10:36:03"
"378","63","1603","4","2025-08-22 06:57:27"
"379","55","348","1","2025-02-24 15:57:59"
"380","72","89","4","2025-02-18 20:59:13"
"381","43","1903","1","2025-10-08 06:01:48"
"382","61","1863","3","2025-10-18 05:10:21"
"383","78","384","1","2025-08-02 03:54:24"
"384","54","570","2","2025-07-25 15:34:25"
"385","21","129","2","2025-08-14 03:04:26"
"386","14","1928","5","2025-09-03 11:52:14"
"387","69","1239","4","2025-10-21 02:49:00"
"388","55","544","3","2025-04-21 16:02:46"
"389","1","877","3","2025-04-11 06:30:44"
"390","68","1079","5","2025-05-04 11:19:24"
"391","43","389","4","2025-02-25 00:48:25"
"392","0","1536","5","2025-03-02 07:48:31"
"393","84","1436","5","2025-05-30 04:29:12"
"394","46","950","1","2025-08-07 02:28:43"
"395","52","1303","5","2025-10-23 05:54:42"
"396","29","1842","1","2025-05-21 16:09:27"
"397","67","1927","2","2025-09-22 04:27:49"
"398","24","1292","3","2025-09-01 19:39:40"
"399","89","1017","1","2025-10-11 20:39:40"
"400","94","510","5","2025-04-05 00:20:45"
"401","35","379","4","2025-01-31 06:18:33"
"402","73","917","2","2025-10-16 22:55:14"
"403","91","920","5","2025-10-01 19:00:11"
"404","12","1961","2","2025-03-05 21:07:14"
"405","56","1891","1","2025-06-15 17:34:14"
"406","81","808","3","2025-04-09 03:12:01"
"407","55","1805","3","2025-08-25 18:42:48"
"408","41","185","3","2025-01-12 16:52:21"
"409","63","22","3","2025-03-20 18:07:06"
"410","97","814","4","2025-06-19 04:11:51"
"411","99","1301","4","2025-09-28 17:26:05"
"412","4","1193","4","2025-05-18 16:57:13"
"413","72","259","5","2025-10-03 22:13:26"
"414","35","671","1","2025-06-04 14:29:34"
"415","60","1886","5","2025-02-22 13:27:36"
"416","5","166","5","2025-05-15 22:19:05"
"417","46","9","1","2025-03-16 02:08:12"
"418","91","226","5","2025-07-02 22:59:28"
"419","5","644","1","2025-05-03 06:09:29"
"420","50","1853","2","2025-10-24 23:48:48"
"421","81","563","4","2025-09-18 13:08:29"
"422","18","1219","2","2025-06-06 23:26:52"
"423","39","1047","1","2025-03-05 06:26:52"
"424","16","1828","2","2025-07-06 18:14:46"
"425","90","1314","1","2025-10-11 10:18:45"
"426","66","89","5","2025-09-26 10:20:38"
"427","95","1428","4","2025-03-11 23:47:06"
"428","44","1638","5","2025-02-02 03:44:35"
"429","10","1146","2","2025-04-14 03:25:01"
"430","25","1638","3","2025-05-08 08:36:18"
"431","89","1451","3","2025-04-11 16:20:34"
"432","66","1915","4","2025-03-02 06:33:15"
"433","96","1843","4","2025-08-03 15:47:03"
"434","19","79","5","2025-03-10 17:26:33"
"435","82","1049","1","2025-10-22 06:12:02"
"436","40","1674","1","2025-03-16 21:50:14"
"437","82","1620","4","2025-08-26 05:55:56"
"438","30","1663","4","2025-07-22 19:50:31"
"439","20","1453","3","2025-09-12 10:58:28"
"440","17","975","5","2025-01-23 04:48:43"
"441","69","168","5","2025-05-14 08:33:34"
"442","0","1664","1","2025-02-10 09:10:34"
"443","54","1244","3","2025-08-10 11:20:26"
"444","57","687","4","2025-07-18 23:54:30"
"445","46","1723","1","2025-02-22 20:37:22"
"446","40","1895","1","2025-03-12 21:56:54"
"447","93","256","1","2025-05-12 05:21:28"
"448","77","395","1","2025-06-10 17:14:01"
"449","82","127","3","2025-06-01 06:32:34"
"450","6","1229","2","2025-05-19 23:43:01"
"451","9","836","1","2025-06-21 03:41:02"
"452","45","1237","5","2025-10-21 18:47:24"
"453","32","1376","3","2025-08-07 13:04:37"
"454","58","844","2","2025-01-12 22:02:17"
"455","58","1643","3","2025-03-15 23:31:38"
"456","49","131","3","2025-02-07 09:37:47"
"457","15","53","3","2025-01-09 06:52:35"
"458","22","826","5","2025-09-26 04:35:49"
"459","83","1837","1","2025-05-06 08:44:40"
"460","58","1619","5","2025-10-17 17:19:52"
"461","88","1015","4","2025-02-01 05:51:08"
"462","6","1096","4","2025-04-12 20:16:43"
"463","3","1327","5","2025-02-07 04:09:24"
"464","10","683","3","2025-02-08 05:57:18"
"465","60","1982","1","2025-03-01 21:55:04"
"466","66","1281","3","2025-01-15 07:02:13"
"467","0","771","3","2025-03-02 22:02:46"
"468","70","1425","2","2025-03-04 08:30:41"
"469","22","1596","2","2025-09-06 14:21:04"
"470","87","496","5","2025-05-08 11:42:09"
"471","3","989","4","2025-01-18 03:40:50"
"472","28","492","3","2025-05-08 14:29:09"
"473","21","1978","2","2025-05-17 17:38:37"
"474","28","335","4","2025-06-29 18:31:46"
"475","46","1795","5","2025-02-23 14:14:00"
"476","49","1156","1","2025-03-04 23:15:44"
"477","74","11","4","2025-10-07 00:35:55"
"478","22","304","1","2025-01-10 18:33:54"
"479","41","1044","1","2025-01-15 19:52:56"
"480","6","1591","1","2025-08-11 12:45:31"
"481","78","302","2","2025-09-19 14:19:20"
"482","48","1613","1","2025-06-12 14:54:50"
"483","55","1163","3","2025-10-04 04:54:47"
"484","31","1889","2","2025-05-22 08:58:31"
"485","65","443","5","2025-06-05 11:53:01"
"486","9","265","4","2025-08-08 20:31:02"
"487","84","718","1","2025-06-17 14:15:17"
"488","55","503","4","2025-05-29 06:15:16"
"489","28","1876","4","2025-04-04 05:28:19"
"490","82","985","4","2025-08-14 18:48:53"
"491","8","1711","3","2025-04-18 03:20:36"
"492","67","761","5","2025-01-09 10:30:41"
"493","77","1252","4","2025-04-03 01:09:34"
"494","35","82","5","2025-05-05 21:15:06"
"495","50","1974","1","2025-07-27 13:38:24"
"496","6","295","4","2025-01-11 09:45:14"
"497","98","862","4","2025-06-18 03:26:53"
"498","13","1460","4","2025-08-23 15:24:20"
"499","59","330","2","2025-05-13 05:39:02"
"500","60","841","2","2025-08-18 05:06:28"
"501","36","1560","5","2025-02-13 16:43:18"
"502","47","707","2","2025-09-02 03:01:16"
"503","45","1569","4","2025-09-02 18:32:22"
"504","66","1543","1","2025-03-17 23:59:27"
"505","32","362","5","2025-05-07 02:09:17"
"506","37","778","1","2025-04-24 01:20:44"
"507","70","883","1","2025-09-22 22:46:30"
"508","52","551","4","2025-10-10 16:17:41"
"509","26","710","2","2025-02-21 07:47:02"
"510","14","1255","3","2025-03-06 08:58:36"
"511","3","881","5","2025-06-04 17:19:58"
"512","59","155","1","2025-06-15 05:16:31"
"513","69","1487","5","2025-02-23 17:03:23"
"514","21","313","2","2025-03-05 20:59:09"
"515","29","60","5","2025-02-22 15:28:28"
"516","63","731","5","2025-10-13 18:52:57"
"517","36","1467","3","2025-09-23 17:08:14"
"518","15","1643","4","2025-10-28 08:48:09"
"519","33","1841","2","2025-05-14 00:05:07"
"520","80","1027","3","2025-07-27 01:08:41"
"521","88","296","4","2025-10-15 07:25:42"
"522","95","1137","3","2025-04-02 02:02:17"
"523","48","709","4","2025-07-03 00:35:06"
"524","65","627","4","2025-06-07 18:58:38"
"525","12","1399","2","2025-02-27 08:09:44"
"526","0","1194","5","2025-09-04 05:47:13"
"527","90","1915","5","2025-02-11 11:34:40"
"528","89","1595","2","2025-08-20 09:07:36"
"529","82","1235","5","2025-02-13 04:19:08"
"530","34","1410","5","2025-03-07 11:48:47"
"531","48","174","1","2025-01-05 01:44:07"
"532","14","1827","3","2025-10-08 13:50:48"
"533","61","651","1","2025-09-20 12:32:23"
"534","57","755","5","2025-09-28 13:31:57"
"535","32","1365","4","2025-03-30 19:47:04"
"536","20","1150","5","2025-01-31 06:23:24"
"537","99","1753","5","2025-03-07 05:53:10"
"538","3","1694","2","2025-07-20 20:05:22"
"539","52","1245","2","2025-06-20 04:11:03"
"540","90","1400","4","2025-04-13 13:50:50"
"541","2","1203","2","2025-05-31 18:27:15"
"542","21","1812","4","2025-08-08 09:38:37"
"543","6","1876","4","2025-02-03 16:59:16"
"544","82","1204","4","2025-05-10 22:01:38"
"545","29","1037","4","2025-01-16 04:29:40"
"546","61","1269","1","2025-04-15 08:23:22"
"547","64","1004","5","2025-09-08 11:43:11"
"548","50","968","3","2025-03-12 07:12:48"
"549","29","1107","3","2025-03-03 23:01:05"
"550","38","1745","5","2025-02-25 18:48:37"
"551","58","140","1","2025-07-05 16:19:33"
"552","50","1159","4","2025-08-04 23:36:15"
"553","11","543","4","2025-03-31 04:28:55"
"554","14","607","2","2025-05-20 14:26:11"
"555","12","283","1","2025-09-16 11:20:10"
"556","17","1201","5","2025-03-19 02:10:53"
"557","0","67","4","2025-08-05 19:31:11"
"558","89","1546","5","2025-07-10 10:20:58"
"559","91","1413","1","2025-07-03 16:19:32"
"560","71","711","3","2025-02-07 21:04:09"
"561","87","10","2","2025-03-30 00:32:01"
"562","63","1717","3","2025-04-17 14:07:23"
"563","28","18","4","2025-05-18 19:34:58"
"564","65","1897","3","2025-02-05 14:23:20"
"565","9","624","5","2025-06-14 00:03:28"
"566","28","1513","3","2025-05-29 00:41:26"
"567","97","297","2","2025-04-22 19:26:52"
"568","25","1520","4","2025-09-14 07:41:29"
"569","45","579","4","2025-08-26 20:08:07"
"570","16","1702","1","2025-06-05 19:23:11"
"571","45","1024","4","2025-03-30 19:08:57"
"572","83","1452","3","2025-09-03 12:09:12"
"573","45","884","3","2025-05-20 12:07:00"
"574","51","1571","3","2025-02-10 21:21:40"
"575","61","1850","3","2025-02-16 20:19:48"
"576","57","315","3","2025-04-05 13:52:59"
"577","95","382","3","2025-07-13 21:51:42"
"578","29","225","4","2025-05-31 23:06:15"
"579","59","1051","4","2025-08-08 18:30:55"
"580","79","451","4","2025-07-15 01:03:00"
"581","39","996","2","2025-05-03 03:34:32"
"582","66","1400","1","2025-02-05 16:31:33"
"583","60","649","4","2025-03-30 07:19:04"
"584","55","99","5","2025-10-27 13:39:17"
"585","5","832","1","2025-04-13 07:38:59"
"586","25","1485","3","2025-03-11 08:24:28"
"587","14","370","3","2025-01-11 23:25:33"
"588","29","1951","1","2025-01-04 03:25:36"
"589","48","1094","1","2025-02-20 08:28:57"
"590","14","1682","5","2025-08-24 07:12:00"
"591","25","167","4","2025-03-18 18:44:56"
"592","0","1065","5","2025-06-11 05:58:52"
"593","8","1099","2","2025-04-01 23:50:34"
"594","29","1901","4","2025-05-29 07:50:13"
"595","60","1653","1","2025-06-19 06:04:35"
"596","26","780","1","2025-08-28 03:18:30"
"597","34","58","5","2025-05-15 18:54:54"
"598","90","752","3","2025-09-20 23:45:59"
"599","58","1312","2","2025-08-20 10:12:44"
"600","66","188","3","2025-02-10 02:25:29"
"601","91","211","3","2025-01-10 08:55:26"
"602","88","290","5","2025-10-27 20:36:01"
"603","84","278","4","2025-03-22 10:12:26"
"604","73","1998","3","2025-03-20 07:34:14"
"605","53","1040","5","2025-02-16 17:39:55"
"606","71","216","4","2025-02-18 08:51:51"
"607","65","1829","4","2025-07-02 10:50:45"
"608","22","931","5","2025-05-12 23:18:30"
"609","16","852","3","2025-05-27 12:03:38"
"610","10","1157","5","2025-05-11 07:57:23"
"611","29","929","2","2025-05-17 08:00:38"
"612","61","1587","4","2025-01-10 06:54:36"
"613","57","1481","1","2025-08-03 13:20:09"
"614","51","1963","4","2025-03-28 23:40:39"
"615","54","493","3","2025-07-05 08:07:28"
"616","60","288","2","2025-06-21 05:34:07"
"617","36","737","4","2025-08-21 19:15:05"
"618","19","1984","5","2025-09-23 19:59:49"
"619","11","384","3","2025-07-21 02:17:29"
"620","80","1378","1","2025-01-23 21:53:28"
"621","19","702","1","2025-05-10 21:12:36"
"622","79","1648","2","2025-10-25 09:17:28"
"623","59","799","2","2025-06-09 19:10:16"
"624","63","393","2","2025-06-01 19:23:38"
"625","6","1611","3","2025-10-23 02:13:21"
"626","87","1699","5","2025-03-14 20:57:39"
"627","92","671","2","2025-07-21 15:23:30"
"628","69","1459","5","2025-08-15 07:06:18"
"629","55","311","5","2025-07-11 15:14:04"
"630","84","1168","2","2025-08-21 06:21:30"
"631","56","67","2","2025-07-09 10:14:01"
"632","77","1727","3","2025-08-04 20:36:34"
"633","93","402","1","2025-01-17 21:50:27"
"634","7","274","2","2025-06-22 03:06:11"
"635","86","1249","2","2025-09-14 15:23:36"
"636","87","223","5","2025-06-15 06:12:12"
"637","82","1298","3","2025-09-23 06:15:11"
"638","43","1010","2","2025-03-05 09:14:21"
"639","47","1141","3","2025-10-06 15:38:22"
"640","56","800","4","2025-09-15 13:46:44"
"641","40","1732","4","2025-01-27 03:29:52"
"642","18","450","1","2025-10-19 21:49:14"
"643","19","1953","4","2025-06-30 03:39:56"
"644","90","1107","2","2025-05-23 20:51:20"
"645","90","95","1","2025-06-07 17:28:54"
"646","26","179","4","2025-08-16 09:00:41"
"647","72","1789","4","2025-07-30 01:01:49"
"648","26","1297","1","2025-09-17 17:19:44"
"649","17","1087","4","2025-04-30 20:39:27"
"650","48","1113","5","2025-01-26 15:35:11"
"651","10","1238","4","2025-10-20 03:49:21"
"652","1","417","4","2025-08-28 14:58:55"
"653","96","737","3","2025-02-02 12:15:49"
"654","95","47","2","2025-08-27 09:38:04"
"655","3","1204","5","2025-05-23 17:27:33"
"656","19","953","3","2025-02-12 19:00:11"
"657","75","915","3","2025-03-27 06:09:14"
"658","48","786","5","2025-05-12 22:54:48"
"659","29","1687","5","2025-04-13 11:33:37"
"660","11","90","2","2025-05-03 13:00:37"
"661","80","1196","5","2025-07-08 08:54:00"
"662","8","1956","5","2025-07-06 04:42:38"
"663","55","654","4","2025-10-11 04:17:10"
"664","3","238","4","2025-08-24 19:05:43"
"665","85","1916","2","2025-10-23 18:58:43"
"666","18","1812","1","2025-02-16 04:17:00"
"667","90","880","2","2025-01-13 08:18:29"
"668","80","557","3","2025-05-30 05:54:23"
"669","14","704","3","2025-05-26 03:31:00"
"670","78","1644","2","2025-10-17 08:24:44"
"671","69","1109","1","2025-05-12 13:20:00"
"672","65","1130","1","2025-03-04 16:34:28"
"673","63","1678","1","2025-09-05 10:43:18"
"674","33","679","2","2025-05-14 14:42:45"
"675","12","1256","5","2025-06-12 04:48:52"
"676","97","138","3","2025-08-10 13:29:04"
"677","13","1066","1","2025-08-16 15:46:59"
"678","16","993","1","2025-07-22 00:51:23"
"679","28","711","1","2025-08-05 14:58:26"
"680","90","444","2","2025-09-27 09:36:19"
"681","84","1969","2","2025-06-04 23:15:14"
"682","25","1246","4","2025-05-16 07:28:19"
"683","20","551","3","2025-08-01 12:59:46"
"684","25","442","4","2025-05-02 20:13:26"
"685","16","566","5","2025-09-16 01:09:50"
"686","99","1576","1","2025-02-02 08:14:40"
"687","84","1677","3","2025-04-30 18:07:49"
"688","90","1601","3","2025-01-14 15:14:23"
"689","10","1252","1","2025-04-24 13:24:31"
"690","14","340","3","2025-03-20 05:15:52"
"691","65","1135","3","2025-06-24 09:49:06"
"692","11","849","5","2025-07-26 13:41:06"
"693","52","251","1","2025-08-19 12:28:43"
"694","59","663","2","2025-04-26 04:12:14"
"695","30","1286","4","2025-09-19 14:41:53"
"696","89","587","1","2025-01-09 21:29:33"
"697","1","1307","3","2025-01-30 13:59:26"
"698","84","641","3","2025-08-01 18:17:41"
"699","83","588","1","2025-10-03 03:20:40"
"700","31","1739","5","2025-02-24 09:03:58"
"701","33","1222","1","2025-05-31 22:08:44"
"702","53","575","5","2025-03-29 13:15:06"
"703","32","1947","3","2025-07-26 22:00:28"
"704","62","1821","4","2025-10-03 01:31:16"
"705","15","867","3","2025-03-07 20:11:15"
"706","66","105","2","2025-10-02 06:19:46"
"707","61","785","1","2025-04-03 14:53:09"
"708","10","631","1","2025-03-12 22:07:33"
"709","16","1966","4","2025-01-06 21:37:08"
"710","96","741","5","2025-06-10 17:52:14"
"711","15","1079","2","2025-07-14 02:46:56"
"712","36","549","4","2025-06-17 13:54:46"
"713","60","1428","1","2025-03-05 18:45:20"
"714","90","1816","5","2025-05-19 18:16:35"
"715","25","510","2","2025-03-27 22:44:40"
"716","38","1615","2","2025-03-14 08:15:28"
"717","70","512","5","2025-01-11 14:00:09"
"718","23","476","4","2025-10-01 21:13:15"
"719","20","498","5","2025-02-20 00:41:29"
"720","74","1395","2","2025-10-17 07:46:57"
"721","31","1073","3","2025-10-03 07:24:40"
"722","94","43","4","2025-03-19 14:07:52"
"723","7","843","2","2025-05-28 23:19:42"
"724","64","794","2","2025-05-30 10:40:06"
"725","68","1077","4","2025-02-10 00:21:50"
"726","16","1752","1","2025-07-26 22:08:21"
"727","1","1841","1","2025-01-05 02:18:31"
"728","95","497","4","2025-06-24 21:52:35"
"729","86","564","4","2025-05-15 02:21:59"
"730","84","811","3","2025-10-10 00:38:07"
"731","9","1827","2","2025-08-16 14:12:34"
"732","31","1517","2","2025-01-18 14:39:18"
"733","97","1749","1","2025-07-18 13:26:00"
"734","8","1419","4","2025-04-07 16:44:13"
"735","57","1454","2","2025-08-21 22:44:52"
"736","80","1802","5","2025-04-23 07:06:59"
"737","1","1225","2","2025-05-17 09:25:36"
"738","85","733","3","2025-04-26 11:32:03"
"739","64","1314","3","2025-02-21 21:24:24"
"740","2","981","2","2025-08-25 08:13:56"
"741","50","695","4","2025-04-28 01:26:06"
"742","56","285","4","2025-04-25 21:59:23"
"743","89","1869","3","2025-05-16 12:55:21"
"744","81","1235","4","2025-06-03 17:41:59"
"745","74","821","5","2025-04-26 16:40:08"
"746","86","1668","5","2025-04-02 08:36:15"
"747","24","883","2","2025-04-13 23:26:42"
"748","65","342","5","2025-02-24 11:22:02"
"749","76","1059","5","2025-07-16 15:12:19"
"750","82","974","3","2025-04-11 13:48:52"
"751","55","617","4","2025-09-10 15:23:50"
"752","67","106","2","2025-04-10 19:20:15"
"753","58","1415","1","2025-01-08 02:22:07"
"754","25","1223","1","2025-04-10 13:23:21"
"755","0","1690","2","2025-03-13 20:21:13"
"756","79","355","3","2025-08-25 15:59:56"
"757","34","18","1","2025-01-09 00:28:51"
"758","77","1876","2","2025-05-01 13:09:41"
"759","30","804","4","2025-10-14 17:49:04"
"760","46","1757","3","2025-02-04 02:27:45"
"761","74","884","1","2025-09-29 15:43:47"
"762","3","1573","2","2025-01-06 13:02:11"
"763","76","1088","3","2025-05-18 00:13:41"
"764","94","427","4","2025-03-18 10:23:02"
"765","40","377","2","2025-07-12 17:54:45"
"766","84","309","5","2025-08-18 16:21:22"
"767","64","834","5","2025-09-01 16:27:20"
"768","29","1855","1","2025-01-22 00:47:15"
"769","55","1837","5","2025-01-13 04:12:33"
"770","82","1326","2","2025-07-15 03:17:54"
"771","10","858","3","2025-05-09 20:04:06"
"772","81","1876","5","2025-03-15 10:12:41"
"773","91","125","3","2025-02-23 15:52:55"
"774","40","1345","3","2025-07-08 18:16:53"
"775","61","1247","3","2025-04-15 16:37:03"
"776","82","159","4","2025-10-21 01:49:08"
"777","20","1839","1","2025-07-19 00:11:40"
"778","33","1144","4","2025-08-25 03:02:53"
"779","57","862","2","2025-08-24 22:06:00"
"780","53","1569","2","2025-09-24 12:28:06"
"781","84","1664","1","2025-08-16 00:10:37"
"782","98","228","2","2025-10-18 00:16:08"
"783","61","602","1","2025-09-23 20:42:36"
"784","97","871","3","2025-04-18 05:39:56"
"785","14","1301","3","2025-07-17 16:57:18"
"786","68","1642","1","2025-01-04 03:16:58"
"787","5","1244","1","2025-02-23 18:52:11"
"788","15","835","4","2025-07-06 22:20:49"
"789","3","641","2","2025-02-03 00:58:56"
"790","89","802","5","2025-10-19 01:53:25"
"791","28","99","2","2025-06-10 04:02:32"
"792","3","96","5","2025-06-05 02:37:10"
"793","16","1147","3","2025-06-07 22:40:33"
"794","51","1826","5","2025-01-22 06:34:21"
"795","95","1713","4","2025-07-30 15:31:57"
"796","18","1148","2","2025-09-08 04:45:54"
"797","26","1205","2","2025-02-04 16:10:21"
"798","73","961","3","2025-04-15 00:44:41"
"799","32","433","4","2025-09-23 21:21:25"
"800","1","1771","1","2025-07-23 07:05:15"
"801","99","1593","1","2025-01-04 23:34:39"
"802","81","582","2","2025-10-28 02:00:42"
"803","18","1705","5","2025-02-22 06:24:01"
"804","14","1952","3","2025-01-03 11:53:01"
"805","94","1680","3","2025-02-26 10:51:37"
"806","42","1184","1","2025-02-03 10:51:03"
"807","47","424","3","2025-06-25 04:13:01"
"808","42","1397","4","2025-07-02 17:34:36"
"809","68","1078","1","2025-02-01 09:46:12"
"810","40","898","4","2025-06-06 15:04:10"
"811","69","983","5","2025-06-15 09:24:53"
"812","66","151","2","2025-02-25 19:35:50"
"813","82","818","5","2025-05-02 17:00:59"
"814","18","1800","1","2025-02-25 14:28:23"
"815","19","70","4","2025-09-08 07:30:51"
"816","72","237","1","2025-07-23 15:22:59"
"817","34","1157","3","2025-05-17 19:03:11"
"818","85","1780","4","2025-06-06 04:04:49"
"819","75","1668","3","2025-10-16 21:56:56"
"820","85","1852","5","2025-07-01 06:24:34"
"821","65","707","2","2025-07-15 00:37:28"
"822","4","1485","4","2025-05-23 03:14:05"
"823","43","1623","5","2025-01-03 16:15:59"
"824","31","1176","1","2025-07-04 14:03:28"
"825","14","753","4","2025-10-25 17:05:27"
"826","79","499","5","2025-01-10 10:23:49"
"827","66","1039","1","2025-01-16 15:14:37"
"828","72","734","1","2025-05-23 01:06:00"
"829","23","698","3","2025-07-08 18:16:09"
"830","61","1548","4","2025-01-01 12:09:00"
"831","82","1576","2","2025-09-12 02:59:28"
"832","83","977","3","2025-09-23 09:54:45"
"833","92","329","1","2025-10-23 14:56:50"
"834","94","983","5","2025-09-13 17:39:35"
"835","21","1706","4","2025-09-28 01:04:10"
"836","36","1402","5","2025-07-07 20:22:16"
"837","27","1871","1","2025-10-02 15:29:18"
"838","58","1276","5","2025-09-18 13:02:50"
"839","22","1252","4","2025-05-03 10:19:27"
"840","74","671","4","2025-08-09 13:01:24"
"841","98","1772","2","2025-07-18 23:55:25"
"842","54","801","2","2025-05-24 03:55:06"
"843","48","604","2","2025-03-24 02:06:39"
"844","32","1971","2","2025-07-28 08:10:51"
"845","75","1773","3","2025-06-26 21:53:39"
"846","30","1227","3","2025-08-31 07:56:07"
"847","81","299","3","2025-04-05 14:16:59"
"848","18","1728","3","2025-08-02 18:01:27"
"849","22","1098","5","2025-02-14 13:27:23"
"850","57","982","2","2025-09-26 16:18:45"
"851","23","1229","3","2025-08-24 01:10:47"
"852","31","1453","1","2025-07-30 00:47:25"
"853","63","1852","2","2025-04-25 01:52:57"
"854","49","559","5","2025-03-20 11:05:51"
"855","45","1728","4","2025-05-03 11:02:20"
"856","93","42","1","2025-03-16 14:24:40"
"857","25","1236","2","2025-08-05 09:39:19"
"858","58","165","3","2025-07-14 18:04:25"
"859","36","1410","4","2025-06-13 00:36:50"
"860","40","1737","4","2025-01-22 03:32:03"
"861","14","1827","1","2025-05-10 23:06:45"
"862","20","1562","3","2025-08-27 20:06:27"
"863","92","1144","4","2025-04-30 22:57:37"
"864","70","1841","4","2025-07-07 01:54:33"
"865","47","451","1","2025-10-10 00:34:27"
"866","10","1994","1","2025-07-16 13:28:55"
"867","2","1750","5","2025-07-19 06:08:43"
"868","42","1957","5","2025-02-07 04:35:59"
"869","72","481","1","2025-01-17 00:28:24"
"870","12","1686","3","2025-02-05 12:38:26"
"871","75","1782","4","2025-10-03 15:40:01"
"872","16","1581","5","2025-08-26 08:01:07"
"873","67","1962","2","2025-04-18 20:34:10"
"874","37","325","2","2025-08-18 06:41:03"
"875","28","280","2","2025-03-30 16:01:16"
"876","33","1015","3","2025-02-26 10:00:07"
"877","94","1261","3","2025-03-21 09:29:07"
"878","10","279","4","2025-03-12 16:20:08"
"879","25","1782","5","2025-01-07 16:16:26"
"880","44","1101","4","2025-09-21 08:22:44"
"881","16","1546","3","2025-02-01 16:13:27"
"882","92","1432","5","2025-09-26 10:58:31"
"883","35","1621","5","2025-10-14 00:34:08"
"884","28","8","2","2025-03-22 10:36:37"
"885","94","1182","1","2025-06-12 09:52:58"
"886","16","297","4","2025-07-29 03:39:32"
"887","5","1030","3","2025-03-27 10:26:23"
"888","85","357","4","2025-05-03 22:58:42"
"889","85","1804","4","2025-03-31 21:12:06"
"890","83","1305","3","2025-09-20 06:04:16"
"891","90","386","1","2025-05-16 20:22:44"
"892","62","557","3","2025-07-29 04:32:51"
"893","75","1984","3","2025-03-26 14:43:10"
"894","36","1131","4","2025-01-26 10:17:11"
"895","22","769","1","2025-08-18 03:10:05"
"896","83","194","5","2025-02-23 18:43:16"
"897","91","1782","4","2025-02-25 23:51:34"
"898","54","535","5","2025-03-17 18:17:38"
"899","97","1620","2","2025-10-15 00:35:00"
"900","8","542","4","2025-05-08 00:20:28"
"901","48","1048","1","2025-05-14 17:19:33"
"902","49","1506","4","2025-08-02 10:26:08"
"903","16","1581","5","2025-08-10 01:37:35"
"904","19","1343","1","2025-04-29 14:27:36"
"905","78","908","5","2025-10-23 16:51:01"
"906","73","851","2","2025-07-02 00:42:39"
"907","26","801","1","2025-02-07 21:24:56"
"908","68","823","1","2025-07-16 18:57:33"
"909","86","955","2","2025-01-13 12:53:11"
"910","25","477","2","2025-02-06 22:44:39"
"911","76","774","4","2025-01-28 01:18:13"
"912","70","435","5","2025-03-19 04:07:41"
"913","27","1007","1","2025-03-16 08:34:58"
"914","12","1051","2","2025-08-23 11:46:24"
"915","24","1126","5","2025-07-21 20:50:15"
"916","81","1271","4","2025-08-22 07:27:43"
"917","50","1770","3","2025-09-19 05:35:51"
"918","60","1310","5","2025-01-12 05:08:58"
"919","44","707","2","2025-09-30 15:37:52"
"920","82","70","2","2025-06-21 02:08:05"
"921","27","1060","2","2025-01-03 17:24:03"
"922","18","484","4","2025-07-03 05:52:02"
"923","11","1237","3","2025-09-10 00:42:50"
"924","37","803","3","2025-10-14 14:47:27"
"925","92","1919","3","2025-09-18 12:49:35"
"926","11","1258","1","2025-07-12 18:14:51"
"927","47","1254","5","2025-09-12 00:23:18"
"928","11","471","2","2025-06-08 23:29:25"
"929","30","1754","1","2025-07-08 07:47:03"
"930","36","294","5","2025-09-03 23:17:14"
"931","47","1513","2","2025-02-14 22:54:59"
"932","65","658","3","2025-09-23 10:26:34"
"933","92","154","3","2025-03-16 10:01:27"
"934","25","604","5","2025-09-28 19:27:51"
"935","54","1333","4","2025-06-03 07:26:30"
"936","4","292","4","2025-01-30 22:38:59"
"937","36","1289","2","2025-07-24 13:20:08"
"938","24","1700","5","2025-07-10 00:24:43"
"939","44","318","5","2025-02-27 17:05:33"
"940","73","879","3","2025-10-15 19:11:58"
"941","27","239","2","2025-02-24 02:20:06"
"942","56","1876","5","2025-06-14 14:15:29"
"943","22","1718","1","2025-04-27 01:44:51"
"944","96","962","5","2025-02-03 02:53:42"
"945","87","750","1","2025-02-09 05:23:06"
"946","63","503","5","2025-01-17 14:14:20"
"947","3","1762","5","2025-02-03 12:03:58"
"948","59","1682","3","2025-10-14 06:30:19"
"949","74","526","5","2025-05-27 04:01:21"
"950","20","486","1","2025-09-21 15:06:53"
"951","74","1941","5","2025-03-04 01:59:20"
"952","63","1331","2","2025-01-06 02:38:21"
"953","28","293","5","2025-09-20 01:42:51"
"954","98","1785","2","2025-09-05 07:40:21"
"955","19","1737","5","2025-08-30 00:32:29"
"956","22","139","1","2025-04-19 12:33:18"
"957","12","552","5","2025-07-01 16:31:28"
"958","73","1597","3","2025-08-13 14:18:46"
"959","53","84","1","2025-02-24 21:33:43"
"960","57","120","3","2025-05-10 06:27:14"
"961","32","1305","4","2025-06-01 15:35:54"
"962","2","607","2","2025-03-24 10:45:58"
"963","99","182","5","2025-10-07 22:41:26"
"964","18","507","5","2025-03-24 17:17:25"
"965","57","654","1","2025-10-25 04:20:00"
"966","32","861","5","2025-07-21 15:57:48"
"967","70","264","3","2025-10-05 23:04:45"
"968","72","1343","5","2025-05-31 18:38:59"
"969","25","610","1","2025-06-22 21:10:22"
"970","83","1301","3","2025-04-03 00:04:18"
"971","82","536","3","2025-02-02 21:19:11"
"972","47","296","4","2025-01-11 04:47:42"
"973","49","1978","4","2025-01-21 04:23:17"
"974","80","1590","3","2025-07-18 05:12:04"
"975","79","1580","4","2025-07-01 20:00:12"
"976","78","1726","5","2025-10-16 18:47:14"
"977","66","398","2","2025-01-03 22:07:01"
"978","34","219","4","2025-10-02 22:37:20"
"979","32","405","4","2025-07-02 20:27:59"
"980","33","1055","4","2025-02-21 12:56:38"
"981","77","1018","3","2025-03-08 19:02:18"
"982","88","31","2","2025-05-12 14:40:06"
"983","33","1451","1","2025-09-13 08:48:45"
"984","3","893","3","2025-05-06 06:50:33"
"985","79","1475","2","2025-05-09 07:46:14"
"986","52","1596","2","2025-09-06 22:17:50"
"987","15","511","3","2025-10-23 14:41:44"
"988","92","1868","4","2025-06-21 10:12:28"
"989","22","1407","3","2025-06-16 02:20:15"
"990","55","839","3","2025-08-15 20:00:01"
"991","13","179","5","2025-06-25 20:41:01"
"992","16","196","1","2025-07-23 20:25:11"
"993","89","791","4","2025-04-03 05:08:03"
"994","50","1304","1","2025-06-13 19:59:28"
"995","7","1383","3","2025-08-22 07:41:40"
"996","21","617","3","2025-07-24 14:30:03"
"997","15","1142","3","2025-01-01 01:15:05"
"998","18","3","1","2025-05-12 18:32:09"
"999","96","691","4","2025-03-19 01:11:25"
"1000","31","766","5","2025-06-29 02:55:11"
"1001","33","1117","2","2025-06-24 15:44:42"
"1002","51","30","1","2025-01-02 20:07:59"
"1003","13","675","2","2025-05-02 08:25:39"
"1004","69","235","5","2025-04-27 23:44:44"
"1005","11","209","5","2025-08-28 10:19:31"
"1006","36","1516","1","2025-04-06 11:20:41"
"1007","14","1400","2","2025-06-22 15:41:27"
"1008","21","339","4","2025-04-11 03:10:32"
"1009","88","343","4","2025-10-01 15:39:31"
"1010","73","55","5","2025-05-27 23:59:54"
"1011","2","1967","1","2025-02-09 00:12:34"
"1012","39","169","4","2025-03-23 00:51:15"
"1013","32","1481","4","2025-03-31 03:20:50"
"1014","59","1321","5","2025-07-15 23:56:51"
"1015","71","1714","3","2025-03-14 10:58:59"
"1016","54","1310","1","2025-08-17 18:01:14"
"1017","53","1987","5","2025-04-01 18:17:47"
"1018","36","710","5","2025-05-02 21:12:30"
"1019","60","1287","4","2025-10-17 03:48:29"
"1020","91","1850","3","2025-05-14 19:46:54"
"1021","34","1588","2","2025-03-14 10:21:21"
"1022","28","1843","4","2025-05-06 15:50:19"
"1023","82","47","3","2025-07-04 04:29:38"
"1024","79","1614","3","2025-09-20 09:04:59"
"1025","31","43","1","2025-06-28 08:50:39"
"1026","93","1059","2","2025-03-18 19:01:29"
"1027","49","1948","5","2025-05-09 20:20:11"
"1028","70","272","1","2025-07-10 21:31:30"
"1029","52","1826","4","2025-06-21 05:07:26"
"1030","47","24","2","2025-08-09 05:45:22"
"1031","26","139","4","2025-02-21 01:54:04"
"1032","84","179","5","2025-09-27 07:46:08"
"1033","85","1927","5","2025-06-07 06:22:56"
"1034","78","571","2","2025-01-31 13:40:27"
"1035","54","46","5","2025-07-05 07:35:53"
"1036","91","1523","3","2025-10-15 02:13:38"
"1037","0","404","5","2025-04-25 15:08:21"
"1038","97","1775","4","2025-06-24 07:50:21"
"1039","90","1052","3","2025-01-25 22:25:09"
"1040","4","176","3","2025-05-28 03:44:47"
"1041","82","844","4","2025-09-08 11:44:23"
"1042","89","1559","2","2025-04-20 23:27:35"
"1043","62","1990","4","2025-08-04 01:44:23"
"1044","0","1285","4","2025-09-04 16:34:21"
"1045","36","1379","4","2025-03-01 19:27:28"
"1046","51","1381","4","2025-06-03 08:36:10"
"1047","91","1882","5","2025-10-08 07:27:42"
"1048","76","618","4","2025-08-01 16:36:46"
"1049","47","622","4","2025-08-16 12:08:58"
"1050","82","1581","2","2025-05-15 15:06:20"
"1051","4","869","4","2025-06-21 05:10:17"
"1052","39","134","2","2025-05-09 16:52:36"
"1053","29","771","1","2025-08-31 16:31:29"
"1054","43","319","2","2025-07-13 01:24:47"
"1055","8","1588","1","2025-03-10 19:20:37"
"1056","77","65","2","2025-09-10 00:57:40"
"1057","22","20","5","2025-09-21 17:24:44"
"1058","55","1382","4","2025-03-11 17:11:42"
"1059","37","812","4","2025-05-01 23:30:48"
"1060","68","77","2","2025-07-05 23:04:09"
"1061","20","1834","1","2025-09-14 16:35:35"
"1062","14","969","3","2025-10-12 22:42:49"
"1063","39","618","4","2025-01-13 13:07:06"
"1064","75","1679","3","2025-05-09 20:46:56"
"1065","97","944","1","2025-01-24 05:51:29"
"1066","97","1332","3","2025-03-27 08:16:26"
"1067","58","1297","3","2025-08-01 21:34:15"
"1068","26","773","1","2025-06-14 15:29:29"
"1069","5","87","1","2025-05-24 05:54:27"
"1070","0","603","3","2025-01-23 12:36:04"
"1071","0","67","5","2025-01-17 17:45:25"
"1072","19","1791","5","2025-03-07 17:26:18"
"1073","60","1329","1","2025-08-16 09:20:38"
"1074","17","41","5","2025-02-22 09:52:46"
"1075","13","157","1","2025-08-24 22:33:20"
"1076","99","1353","1","2025-03-20 08:36:40"
"1077","12","1913","4","2025-06-18 02:16:40"
"1078","10","235","4","2025-10-06 16:43:26"
"1079","57","1026","2","2025-07-29 15:49:32"
"1080","13","283","3","2025-10-11 10:52:12"
"1081","54","1047","2","2025-02-01 08:36:57"
"1082","80","1037","1","2025-10-11 16:00:35"
"1083","70","508","1","2025-10-11 04:25:56"
"1084","48","1835","3","2025-07-25 07:10:50"
"1085","41","1150","5","2025-08-01 06:47:12"
"1086","50","1861","3","2025-04-05 01:14:14"
"1087","72","1420","1","2025-03-01 05:16:00"
"1088","77","829","3","2025-10-13 12:26:57"
"1089","36","1929","3","2025-07-16 06:43:15"
"1090","47","42","1","2025-01-01 11:32:48"
"1091","18","527","2","2025-09-11 09:34:35"
"1092","17","381","1","2025-07-10 02:57:20"
"1093","94","991","2","2025-04-18 00:00:29"
"1094","33","1673","2","2025-01-16 20:32:19"
"1095","22","1879","3","2025-10-18 02:34:51"
"1096","41","409","1","2025-07-14 19:57:37"
"1097","63","296","3","2025-05-05 15:00:40"
"1098","24","1300","1","2025-08-28 20:17:07"
"1099","85","1413","2","2025-05-17 22:40:31"
"1100","51","1575","1","2025-04-17 17:40:01"
"1101","99","1901","4","2025-08-05 10:39:10"
"1102","45","65","3","2025-03-31 22:22:32"
"1103","50","69","4","2025-07-28 14:00:27"
"1104","34","1594","2","2025-04-12 17:23:22"
"1105","5","1524","3","2025-10-08 15:52:24"
"1106","10","685","4","2025-01-04 00:33:32"
"1107","99","1389","3","2025-03-30 01:16:46"
"1108","83","1998","2","2025-04-09 09:47:59"
"1109","47","1897","5","2025-09-04 04:38:27"
"1110","14","350","4","2025-03-19 09:07:09"
"1111","72","1249","5","2025-01-29 17:16:12"
"1112","52","584","1","2025-04-11 05:15:07"
"1113","0","61","5","2025-03-03 15:02:41"
"1114","42","352","4","2025-04-01 22:56:41"
"1115","74","1123","2","2025-01-13 06:17:26"
"1116","82","1112","2","2025-06-26 06:29:04"
"1117","69","1348","4","2025-08-19 08:34:26"
"1118","79","1969","3","2025-05-15 14:58:49"
"1119","46","239","1","2025-06-12 15:24:36"
"1120","46","381","4","2025-03-30 13:33:12"
"1121","92","1394","4","2025-10-24 18:48:56"
"1122","76","30","2","2025-08-27 16:52:20"
"1123","95","1012","4","2025-10-22 05:11:30"
"1124","50","331","2","2025-09-21 14:12:10"
"1125","54","780","4","2025-10-14 02:55:39"
"1126","92","1316","2","2025-04-09 03:19:20"
"1127","8","1435","2","2025-08-09 19:06:19"
"1128","0","616","2","2025-02-08 08:22:23"
"1129","19","512","2","2025-06-04 12:59:10"
"1130","32","1068","4","2025-05-05 10:38:17"
"1131","68","1491","4","2025-07-10 11:42:27"
"1132","59","245","3","2025-08-24 01:20:40"
"1133","40","526","3","2025-10-08 06:38:17"
"1134","36","768","5","2025-07-19 13:26:37"
"1135","2","1023","5","2025-07-15 00:07:29"
"1136","25","864","3","2025-10-11 21:28:05"
"1137","83","1559","4","2025-10-08 12:58:29"
"1138","4","1977","1","2025-06-10 23:23:28"
"1139","71","175","3","2025-10-04 16:43:40"
"1140","3","60","4","2025-09-21 14:11:05"
"1141","49","1942","5","2025-05-16 19:15:40"
"1142","70","966","5","2025-06-22 18:48:36"
"1143","71","1523","4","2025-08-13 12:52:43"
"1144","23","1651","5","2025-10-21 02:54:59"
"1145","3","1243","3","2025-03-23 15:39:11"
"1146","39","881","1","2025-03-27 03:08:12"
"1147","12","338","5","2025-06-25 23:43:25"
"1148","80","263","4","2025-05-03 14:02:49"
"1149","56","1761","2","2025-07-09 19:23:24"
"1150","32","1006","3","2025-10-03 12:36:38"
"1151","67","1481","2","2025-01-18 10:42:05"
"1152","46","1889","5","2025-04-13 10:49:11"
"1153","50","1665","5","2025-09-10 11:49:10"
"1154","76","197","3","2025-02-20 09:13:56"
"1155","64","286","2","2025-01-25 19:07:42"
"1156","43","398","1","2025-01-11 11:26:56"
"1157","62","964","1","2025-08-11 18:59:07"
"1158","67","103","2","2025-09-02 05:31:30"
"1159","59","1153","2","2025-08-07 16:56:09"
"1160","33","165","3","2025-05-19 13:07:38"
"1161","16","1805","4","2025-05-24 22:26:14"
"1162","5","675","1","2025-02-09 02:23:35"
"1163","79","1386","1","2025-04-30 00:13:26"
"1164","84","631","5","2025-05-22 20:46:04"
"1165","23","1578","1","2025-09-13 05:04:00"
"1166","96","972","4","2025-06-07 03:09:33"
"1167","81","438","1","2025-06-12 05:49:00"
"1168","34","1932","4","2025-06-17 17:57:58"
"1169","85","1009","4","2025-02-26 11:27:42"
"1170","54","1658","2","2025-10-23 21:59:31"
"1171","54","1286","2","2025-04-14 22:33:02"
"1172","9","1657","2","2025-06-30 13:57:25"
"1173","41","743","3","2025-06-24 17:07:20"
"1174","43","503","2","2025-06-29 02:22:54"
"1175","16","1443","3","2025-03-27 02:06:08"
"1176","63","316","1","2025-07-28 10:16:03"
"1177","75","1238","4","2025-10-11 04:22:16"
"1178","40","356","1","2025-09-14 16:22:58"
"1179","40","334","3","2025-05-19 08:36:15"
"1180","84","1460","1","2025-02-13 16:07:27"
"1181","48","659","3","2025-05-01 06:30:17"
"1182","42","1753","1","2025-03-15 11:40:50"
"1183","84","1330","3","2025-09-06 07:47:36"
"1184","23","347","5","2025-03-03 18:18:11"
"1185","60","1963","2","2025-01-31 19:40:53"
"1186","91","1072","3","2025-10-01 20:29:42"
"1187","13","104","4","2025-10-17 00:36:23"
"1188","11","800","4","2025-07-08 05:09:03"
"1189","84","288","2","2025-01-23 09:51:08"
"1190","14","309","1","2025-06-06 22:06:15"
"1191","77","1826","1","2025-04-20 06:00:56"
"1192","10","1181","5","2025-02-08 16:59:36"
"1193","27","1747","3","2025-06-06 11:51:59"
"1194","22","1087","4","2025-09-30 21:18:44"
"1195","34","1564","3","2025-09-01 08:59:56"
"1196","22","1324","4","2025-04-12 07:42:06"
"1197","22","1876","2","2025-10-09 07:45:47"
"1198","10","432","5","2025-10-25 14:35:03"
"1199","45","1383","4","2025-09-13 19:05:42"
