1,1,42,2024-10-08 17:00:00
2,1,36,2024-10-08 17:00:00
3,1,36,2024-10-08 17:00:00
4,1,35,2024-10-08 17:00:00
5,1,1,2024-10-09 05:00:00
6,1,29,2024-10-09 05:00:00
7,1,15,2024-10-09 05:00:00
8,1,42,2024-08-02 09:00:00
9,1,40,2024-08-02 09:00:00
10,1,24,2024-08-02 09:00:00
11,1,3,2024-06-23 12:00:00
12,1,43,2024-06-23 12:00:00
13,1,1,2024-06-23 12:00:00
14,2,13,2024-08-13 03:00:00
15,2,16,2024-08-13 03:00:00
16,2,3,2024-08-13 03:00:00
17,2,43,2024-08-13 03:00:00
18,2,52,2024-09-01 11:00:00
19,2,11,2024-09-01 11:00:00
20,2,17,2024-09-01 11:00:00
21,2,21,2024-06-25 05:00:00
22,2,28,2024-06-25 05:00:00
23,2,17,2024-06-25 05:00:00
24,2,6,2024-06-25 05:00:00
25,3,13,2024-07-21 10:00:00
26,3,2,2024-07-21 10:00:00
27,3,39,2024-07-21 10:00:00
28,3,42,2024-07-21 10:00:00
29,3,17,2024-08-13 22:00:00
30,3,22,2024-08-13 22:00:00
31,3,26,2024-08-13 22:00:00
32,3,42,2024-08-08 20:00:00
33,3,28,2024-08-08 20:00:00
34,3,15,2024-08-11 11:00:00
35,3,36,2024-08-11 11:00:00
36,3,26,2024-08-11 11:00:00
37,3,17,2024-08-11 11:00:00
38,3,39,2024-08-23 18:00:00
39,3,28,2024-08-23 18:00:00
40,3,21,2024-08-23 18:00:00
41,5,26,2024-08-11 11:00:00
42,5,33,2024-08-11 11:00:00
43,5,26,2024-09-18 08:00:00
44,5,51,2024-09-18 08:00:00
45,5,26,2024-09-18 08:00:00
46,5,54,2024-09-18 08:00:00
47,5,26,2024-08-06 04:00:00
48,5,26,2024-08-06 04:00:00
49,5,42,2024-08-06 04:00:00
50,6,52,2024-07-27 22:00:00
51,6,40,2024-07-27 22:00:00
52,6,24,2024-07-27 22:00:00
53,6,10,2024-06-06 21:00:00
54,6,8,2024-06-06 21:00:00
55,6,36,2024-06-06 21:00:00
56,6,17,2024-06-24 16:00:00
57,6,36,2024-06-24 16:00:00
58,6,21,2024-10-29 23:00:00
59,6,52,2024-10-29 23:00:00
60,6,33,2024-07-10 12:00:00
61,6,17,2024-07-10 12:00:00
62,6,17,2024-07-10 12:00:00
63,6,28,2024-07-10 12:00:00
64,7,3,2024-06-19 17:00:00
65,7,34,2024-06-19 17:00:00
66,7,5,2024-06-19 17:00:00
67,7,6,2024-06-19 17:00:00
68,7,22,2024-09-15 06:00:00
69,7,10,2024-09-15 06:00:00
70,7,15,2024-09-15 06:00:00
71,7,10,2024-09-15 06:00:00
72,7,42,2024-08-15 00:00:00
73,7,46,2024-08-15 00:00:00
74,9,29,2024-11-07 23:00:00
75,9,1,2024-11-07 23:00:00
76,9,42,2024-11-07 23:00:00
77,9,10,2024-11-07 23:00:00
78,9,39,2024-09-25 06:00:00
79,9,46,2024-09-25 06:00:00
80,9,31,2024-09-25 06:00:00
81,9,33,2024-08-24 22:00:00
82,9,10,2024-08-24 22:00:00
83,10,51,2024-08-19 21:00:00
84,10,52,2024-08-19 21:00:00
85,10,24,2024-06-09 04:00:00
86,10,31,2024-06-09 04:00:00
87,10,46,2024-06-09 04:00:00
88,10,2,2024-09-01 16:00:00
89,10,33,2024-09-01 16:00:00
90,10,21,2024-09-01 16:00:00
91,10,17,2024-10-01 06:00:00
92,10,36,2024-10-01 06:00:00
93,10,13,2024-10-01 06:00:00
94,11,46,2024-10-31 10:00:00
95,11,21,2024-10-31 10:00:00
96,11,5,2024-10-31 10:00:00
97,11,21,2024-10-31 10:00:00
98,11,52,2024-09-16 23:00:00
99,11,2,2024-09-16 23:00:00
100,11,26,2024-09-16 23:00:00
101,11,28,2024-09-16 23:00:00
102,11,13,2024-07-18 15:00:00
103,11,5,2024-07-18 15:00:00
104,11,33,2024-10-13 15:00:00
105,11,34,2024-10-13 15:00:00
106,11,52,2024-10-13 15:00:00
107,11,39,2024-10-13 15:00:00
108,13,52,2024-09-05 00:00:00
109,13,33,2024-09-05 00:00:00
110,13,8,2024-07-26 09:00:00
111,13,1,2024-07-26 09:00:00
112,13,5,2024-07-26 09:00:00
113,13,31,2024-08-19 10:00:00
114,13,33,2024-08-19 10:00:00
115,14,26,2024-06-25 04:00:00
116,14,10,2024-06-25 04:00:00
117,14,15,2024-09-15 21:00:00
118,14,42,2024-09-15 21:00:00
119,14,17,2024-06-30 10:00:00
120,14,34,2024-06-30 10:00:00
121,14,40,2024-06-30 10:00:00
122,14,26,2024-07-14 12:00:00
123,14,17,2024-07-14 12:00:00
124,14,36,2024-07-14 12:00:00
125,14,17,2024-08-20 09:00:00
126,14,43,2024-08-20 09:00:00
127,14,29,2024-08-20 09:00:00
128,14,54,2024-08-20 09:00:00
129,15,31,2024-07-20 09:00:00
130,15,17,2024-07-20 09:00:00
131,15,10,2024-07-20 09:00:00
132,15,15,2024-07-20 09:00:00
133,15,17,2024-06-02 03:00:00
134,15,29,2024-06-02 03:00:00
135,15,51,2024-06-02 03:00:00
136,15,31,2024-10-10 05:00:00
137,15,16,2024-10-10 05:00:00
138,15,2,2024-07-05 08:00:00
139,15,36,2024-07-05 08:00:00
140,15,28,2024-06-17 19:00:00
141,15,17,2024-06-17 19:00:00
142,15,3,2024-06-17 19:00:00
143,15,15,2024-06-17 19:00:00
144,17,17,2024-08-12 05:00:00
145,17,39,2024-08-12 05:00:00
146,17,17,2024-08-12 05:00:00
147,17,15,2024-10-17 04:00:00
148,17,13,2024-10-17 04:00:00
149,17,43,2024-10-17 04:00:00
150,17,3,2024-10-11 16:00:00
151,17,31,2024-10-11 16:00:00
152,17,35,2024-10-11 16:00:00
153,17,31,2024-10-04 15:00:00
154,17,22,2024-10-04 15:00:00
155,17,10,2024-10-04 15:00:00
156,17,15,2024-10-04 15:00:00
157,17,13,2024-07-05 08:00:00
158,17,33,2024-07-05 08:00:00
159,18,3,2024-10-22 19:00:00
160,18,24,2024-10-22 19:00:00
161,18,51,2024-10-22 19:00:00
162,18,54,2024-10-22 19:00:00
163,18,46,2024-06-05 03:00:00
164,18,16,2024-06-05 03:00:00
165,18,16,2024-06-05 03:00:00
166,18,6,2024-06-05 03:00:00
167,18,52,2024-09-28 10:00:00
168,18,43,2024-09-28 10:00:00
169,18,51,2024-09-28 10:00:00
170,18,8,2024-09-28 10:00:00
171,19,24,2024-06-04 13:00:00
172,19,46,2024-06-04 13:00:00
173,19,11,2024-06-04 13:00:00
174,19,43,2024-06-07 21:00:00
175,19,26,2024-06-07 21:00:00
176,19,13,2024-06-07 21:00:00
177,19,54,2024-06-07 21:00:00
178,19,31,2024-06-08 09:00:00
179,19,3,2024-06-08 09:00:00
180,19,42,2024-09-07 11:00:00
181,19,40,2024-09-07 11:00:00
182,19,42,2024-07-04 11:00:00
183,19,36,2024-07-04 11:00:00
184,19,15,2024-07-04 11:00:00
185,19,6,2024-07-04 11:00:00
186,21,51,2024-09-21 00:00:00
187,21,42,2024-09-21 00:00:00
188,21,35,2024-10-26 17:00:00
189,21,34,2024-10-26 17:00:00
190,21,16,2024-10-06 02:00:00
191,21,42,2024-10-06 02:00:00
192,21,40,2024-10-06 02:00:00
193,22,26,2024-08-23 19:00:00
194,22,35,2024-08-23 19:00:00
195,22,16,2024-08-07 21:00:00
196,22,17,2024-08-07 21:00:00
197,22,31,2024-08-07 21:00:00
198,22,52,2024-08-07 21:00:00
199,22,28,2024-09-27 22:00:00
200,22,24,2024-09-27 22:00:00
201,22,13,2024-09-27 22:00:00
202,22,1,2024-09-27 22:00:00
203,22,33,2024-07-19 16:00:00
204,22,46,2024-07-19 16:00:00
205,22,22,2024-07-19 16:00:00
206,22,33,2024-07-19 16:00:00
207,22,35,2024-06-09 08:00:00
208,22,17,2024-06-09 08:00:00
209,22,34,2024-06-09 08:00:00
210,23,3,2024-09-16 15:00:00
211,23,17,2024-09-16 15:00:00
212,23,10,2024-09-16 15:00:00
213,23,28,2024-09-16 15:00:00
214,23,29,2024-09-14 00:00:00
215,23,39,2024-09-14 00:00:00
216,23,54,2024-09-14 00:00:00
217,23,8,2024-09-14 00:00:00
218,23,6,2024-10-17 14:00:00
219,23,8,2024-10-17 14:00:00
220,23,29,2024-10-17 14:00:00
221,23,51,2024-10-17 14:00:00
222,23,21,2024-09-11 09:00:00
223,23,3,2024-09-11 09:00:00
224,23,17,2024-10-13 15:00:00
225,23,46,2024-10-13 15:00:00
226,23,13,2024-10-13 15:00:00
227,25,6,2024-10-20 04:00:00
228,25,33,2024-10-20 04:00:00
229,25,33,2024-07-18 23:00:00
230,25,6,2024-07-18 23:00:00
231,25,17,2024-09-01 12:00:00
232,25,36,2024-09-01 12:00:00
233,25,34,2024-09-01 12:00:00
234,25,3,2024-08-05 03:00:00
235,25,52,2024-08-05 03:00:00
236,26,1,2024-10-15 13:00:00
237,26,22,2024-10-15 13:00:00
238,26,40,2024-10-15 13:00:00
239,26,17,2024-10-15 13:00:00
240,26,51,2024-09-30 23:00:00
241,26,24,2024-09-30 23:00:00
242,26,54,2024-09-30 23:00:00
243,26,26,2024-09-30 23:00:00
244,26,36,2024-07-18 04:00:00
245,26,33,2024-07-18 04:00:00
246,26,42,2024-07-18 04:00:00
247,26,8,2024-06-26 05:00:00
248,26,26,2024-06-26 05:00:00
249,26,51,2024-06-26 05:00:00
250,27,51,2024-10-07 16:00:00
251,27,46,2024-10-07 16:00:00
252,27,40,2024-10-07 16:00:00
253,27,11,2024-10-07 16:00:00
254,27,6,2024-06-02 09:00:00
255,27,11,2024-06-02 09:00:00
256,27,42,2024-11-01 05:00:00
257,27,29,2024-11-01 05:00:00
258,27,15,2024-06-27 04:00:00
259,27,22,2024-06-27 04:00:00
260,29,51,2024-10-24 04:00:00
261,29,10,2024-10-24 04:00:00
262,29,21,2024-10-24 04:00:00
263,29,13,2024-10-24 04:00:00
264,29,42,2024-06-23 04:00:00
265,29,34,2024-06-23 04:00:00
266,29,39,2024-06-23 04:00:00
267,29,29,2024-08-02 22:00:00
268,29,40,2024-08-02 22:00:00
269,29,17,2024-08-02 22:00:00
270,29,51,2024-08-02 22:00:00
271,29,22,2024-11-06 10:00:00
272,29,1,2024-11-06 10:00:00
273,29,6,2024-11-06 10:00:00
274,30,6,2024-07-13 04:00:00
275,30,17,2024-07-13 04:00:00
276,30,1,2024-07-13 04:00:00
277,30,3,2024-07-10 03:00:00
278,30,17,2024-07-10 03:00:00
279,30,52,2024-07-10 03:00:00
280,30,3,2024-08-08 21:00:00
281,30,13,2024-08-08 21:00:00
282,30,11,2024-08-29 01:00:00
283,30,43,2024-08-29 01:00:00
284,30,28,2024-09-29 06:00:00
285,30,11,2024-09-29 06:00:00
286,31,28,2024-09-11 02:00:00
287,31,46,2024-09-11 02:00:00
288,31,26,2024-09-11 02:00:00
289,31,8,2024-09-11 02:00:00
290,31,17,2024-06-28 19:00:00
291,31,51,2024-06-28 19:00:00
292,31,31,2024-06-28 19:00:00
293,31,3,2024-06-28 19:00:00
294,31,1,2024-06-25 22:00:00
295,31,46,2024-06-25 22:00:00
296,31,31,2024-06-25 22:00:00
297,31,39,2024-06-25 22:00:00
298,33,17,2024-06-24 16:00:00
299,33,26,2024-06-24 16:00:00
300,33,24,2024-06-24 16:00:00
301,33,36,2024-08-30 09:00:00
302,33,6,2024-08-30 09:00:00
303,33,46,2024-08-30 09:00:00
304,33,52,2024-08-30 09:00:00
305,33,15,2024-08-05 20:00:00
306,33,13,2024-08-05 20:00:00
307,34,43,2024-07-20 09:00:00
308,34,36,2024-07-20 09:00:00
309,34,52,2024-06-07 04:00:00
310,34,39,2024-06-07 04:00:00
311,34,52,2024-06-15 13:00:00
312,34,13,2024-06-15 13:00:00
313,34,36,2024-06-15 13:00:00
314,34,54,2024-06-15 13:00:00
315,34,16,2024-10-02 11:00:00
316,34,17,2024-10-02 11:00:00
317,34,35,2024-08-05 14:00:00
318,34,33,2024-08-05 14:00:00
319,34,26,2024-08-05 14:00:00
320,35,36,2024-10-08 18:00:00
321,35,29,2024-10-08 18:00:00
322,35,33,2024-10-08 18:00:00
323,35,43,2024-10-08 18:00:00
324,35,39,2024-06-24 03:00:00
325,35,46,2024-06-24 03:00:00
326,35,8,2024-06-24 03:00:00
327,35,8,2024-06-24 03:00:00
328,35,6,2024-06-24 08:00:00
329,35,24,2024-06-24 08:00:00
330,35,54,2024-06-24 08:00:00
331,35,8,2024-09-01 00:00:00
332,35,5,2024-09-01 00:00:00
333,35,26,2024-09-01 00:00:00
334,37,11,2024-10-10 08:00:00
335,37,2,2024-10-10 08:00:00
336,37,17,2024-10-10 08:00:00
337,37,28,2024-10-10 08:00:00
338,37,52,2024-10-12 15:00:00
339,37,31,2024-10-12 15:00:00
340,37,16,2024-10-12 15:00:00
341,37,36,2024-10-12 15:00:00
342,37,26,2024-10-25 22:00:00
343,37,17,2024-10-25 22:00:00
344,37,31,2024-10-25 22:00:00
345,37,15,2024-10-25 22:00:00
346,37,17,2024-10-23 18:00:00
347,37,24,2024-10-23 18:00:00
348,37,33,2024-10-23 18:00:00
349,38,43,2024-10-09 05:00:00
350,38,31,2024-10-09 05:00:00
351,38,33,2024-08-09 05:00:00
352,38,33,2024-08-09 05:00:00
353,38,24,2024-08-09 05:00:00
354,38,54,2024-08-09 05:00:00
355,38,11,2024-06-22 22:00:00
356,38,26,2024-06-22 22:00:00
357,38,40,2024-06-22 22:00:00
358,38,17,2024-06-22 22:00:00
359,39,22,2024-09-02 22:00:00
360,39,24,2024-09-02 22:00:00
361,39,17,2024-09-02 22:00:00
362,39,24,2024-09-02 22:00:00
363,39,51,2024-08-12 14:00:00
364,39,51,2024-08-12 14:00:00
365,39,52,2024-08-12 14:00:00
366,39,13,2024-07-29 05:00:00
367,39,46,2024-07-29 05:00:00
368,39,33,2024-07-29 05:00:00
369,39,33,2024-07-29 05:00:00
370,39,10,2024-09-14 11:00:00
371,39,17,2024-09-14 11:00:00
372,39,52,2024-11-03 11:00:00
373,39,26,2024-11-03 11:00:00
374,39,17,2024-11-03 11:00:00
375,27,24,2025-11-12 03:25:12
376,27,43,2025-11-12 03:25:12
377,27,36,2025-11-12 03:25:12
382,23,43,2025-11-20 15:19:31
383,23,52,2025-11-20 15:19:31
384,23,3,2025-11-20 15:19:31
385,23,33,2025-11-20 15:19:31
386,17,1,2025-11-10 17:21:55
387,17,28,2025-11-10 17:21:55
388,17,31,2025-11-10 17:21:55
392,17,54,2025-11-28 07:43:31
393,17,15,2025-11-28 07:43:31
394,17,51,2025-11-28 07:43:31
395,23,33,2025-11-25 02:27:02
396,23,17,2025-11-25 02:27:02
397,23,43,2025-11-25 02:27:02
398,23,5,2025-11-25 02:27:02
399,17,42,2025-11-27 07:52:53
400,17,39,2025-11-27 07:52:53
401,17,26,2025-11-27 07:52:53
402,11,3,2025-11-14 21:21:44
403,11,35,2025-11-14 21:21:44
404,11,26,2025-11-14 21:21:44
406,27,1,2025-11-16 20:47:06
407,27,21,2025-11-16 20:47:06
408,27,17,2025-11-16 20:47:06
409,27,17,2025-11-16 20:47:06
410,14,17,2025-11-12 03:56:07
411,14,34,2025-11-12 03:56:07
413,9,11,2025-11-16 04:08:28
414,9,8,2025-11-16 04:08:28
415,5,24,2025-12-06 13:48:23
416,5,51,2025-12-06 13:48:23
417,5,17,2025-12-06 13:48:23
420,30,52,2025-12-01 14:21:05
421,30,8,2025-12-01 14:21:05
422,30,39,2025-12-01 14:21:05
423,25,43,2025-11-22 17:08:37
424,38,16,2025-11-04 09:11:50
430,17,24,2025-12-04 06:37:56
431,19,17,2025-11-14 22:38:54
432,19,24,2025-11-14 22:38:54
433,19,21,2025-11-14 22:38:54
434,3,6,2025-11-24 06:48:14
435,3,42,2025-11-24 06:48:14
436,3,26,2025-11-24 06:48:14
437,3,51,2025-11-24 06:48:14
442,2,16,2025-12-01 18:45:07
443,2,8,2025-12-01 18:45:07
444,2,54,2025-12-01 18:45:07
445,2,51,2025-12-01 18:45:07
446,26,26,2025-11-07 22:21:37
447,26,39,2025-11-07 22:21:37
448,26,28,2025-11-09 07:02:06
449,26,42,2025-11-09 07:02:06
450,26,5,2025-11-09 07:02:06
451,39,21,2025-11-08 09:02:15
456,38,17,2025-11-14 08:55:15
457,11,42,2025-11-28 16:32:22
458,11,28,2025-11-28 16:32:22
459,11,16,2025-11-28 16:32:22
460,2,28,2025-11-01 16:15:43
461,2,54,2025-11-01 16:15:43
462,5,11,2025-11-08 15:19:51
463,5,31,2025-11-08 15:19:51
464,2,51,2025-12-01 06:17:38
465,29,17,2025-11-25 13:26:47
466,29,10,2025-11-25 13:26:47
467,29,2,2025-11-25 13:26:47
471,17,46,2025-11-05 02:14:05
472,17,17,2025-11-05 02:14:05
473,29,21,2025-11-20 02:01:30
474,29,33,2025-11-20 02:01:30
475,29,51,2025-11-20 02:01:30
476,11,51,2025-11-05 01:08:44
477,11,5,2025-11-05 01:08:44
478,11,35,2025-11-05 01:08:44
479,11,1,2025-11-05 01:08:44
480,9,34,2025-11-26 01:32:47
481,9,8,2025-11-26 01:32:47
482,9,11,2025-11-26 01:32:47
483,9,46,2025-11-26 01:32:47
484,39,22,2025-12-03 09:25:18
485,13,17,2025-12-10 23:37:28
486,13,36,2025-12-10 23:37:28
487,13,46,2025-12-10 23:37:28
488,35,35,2025-11-01 08:56:45
489,35,3,2025-11-01 08:56:45
490,19,40,2025-11-22 01:57:37
491,19,26,2025-11-22 01:57:37
492,29,13,2025-12-01 11:19:47
493,29,36,2025-12-01 11:19:47
495,9,13,2025-12-08 14:44:04
496,9,34,2025-12-08 14:44:04
503,14,36,2025-12-02 08:58:38
504,30,10,2025-11-16 04:03:43
509,13,11,2025-12-09 04:44:05
510,13,1,2025-12-09 04:44:05
511,13,43,2025-12-09 04:44:05
512,13,39,2025-12-09 04:44:05
513,39,26,2025-11-13 17:23:39
518,14,28,2025-12-08 03:25:41
519,14,40,2025-12-08 03:25:41
520,14,6,2025-12-08 03:25:41
521,14,36,2025-12-08 03:25:41
522,10,36,2025-11-07 23:53:32
523,26,39,2025-11-16 03:04:35
524,26,17,2025-11-16 03:04:35
525,26,42,2025-11-16 03:04:35
526,26,17,2025-11-16 03:04:35
528,1,26,2025-12-01 14:54:47
529,1,46,2025-12-01 14:54:47
530,1,21,2025-12-01 14:54:47
531,1,3,2025-12-01 14:54:47
543,21,8,2025-11-21 22:16:30
544,21,33,2025-11-21 22:16:30
545,21,1,2025-11-21 22:16:30
546,3,17,2025-11-24 18:24:01
547,3,24,2025-11-24 18:24:01
548,3,6,2025-11-24 18:24:01
549,3,39,2025-11-24 18:24:01
553,14,46,2025-11-12 22:34:57
554,14,42,2025-11-12 22:34:57
555,26,26,2025-11-28 19:26:05
556,26,43,2025-11-28 19:26:05
557,6,17,2025-11-27 23:11:30
558,30,33,2025-11-13 14:15:09
559,30,34,2025-11-13 14:15:09
560,30,17,2025-11-13 14:15:09
561,30,26,2025-11-13 14:15:09
562,5,17,2025-11-07 16:15:40
563,29,40,2025-11-06 12:55:05
564,29,24,2025-11-06 12:55:05
565,29,39,2025-11-06 12:55:05
570,26,42,2025-11-10 23:13:51
571,26,28,2025-11-10 23:13:51
572,3,1,2025-11-16 12:44:50
573,3,6,2025-11-16 12:44:50
574,3,26,2025-11-16 12:44:50
575,3,31,2025-11-16 12:44:50
578,18,33,2025-11-12 11:26:53
579,18,13,2025-11-12 11:26:53
580,34,52,2025-12-01 04:47:14
581,34,39,2025-12-01 04:47:14
582,34,17,2025-12-01 04:47:14
583,26,1,2025-11-05 04:52:56
584,26,28,2025-11-05 04:52:56
585,26,36,2025-11-05 04:52:56
586,25,6,2025-11-05 05:44:47
587,25,8,2025-11-05 05:44:47
592,3,26,2025-12-01 20:52:41
593,35,10,2025-11-01 10:40:55
594,35,51,2025-11-01 10:40:55
595,35,46,2025-11-01 10:40:55
596,35,8,2025-11-01 10:40:55
597,39,39,2025-11-29 07:09:23
598,39,36,2025-11-29 07:09:23
599,39,1,2025-11-29 07:09:23
600,39,24,2025-11-29 07:09:23
601,19,39,2025-11-12 17:42:57
602,19,26,2025-11-12 17:42:57
603,21,17,2025-11-24 23:56:03
604,21,46,2025-11-24 23:56:03
605,37,8,2025-11-08 02:40:09
606,37,16,2025-11-08 02:40:09
607,37,33,2025-11-08 02:40:09
608,37,34,2025-11-08 02:40:09
613,2,17,2025-12-02 05:24:16
614,2,13,2025-12-02 05:24:16
615,2,39,2025-12-02 05:24:16
616,2,31,2025-12-02 05:24:16
617,31,21,2025-11-15 07:54:23
618,31,6,2025-11-15 07:54:23
619,37,5,2025-12-03 05:36:47
620,37,39,2025-12-03 05:36:47
621,37,11,2025-12-03 05:36:47
622,37,31,2025-12-03 05:36:47
623,30,36,2025-11-11 02:11:55
624,30,31,2025-11-11 02:11:55
625,30,5,2025-11-11 02:11:55
632,19,35,2025-12-04 21:13:34
633,19,28,2025-12-04 21:13:34
634,19,17,2025-12-04 21:13:34
638,33,26,2025-11-06 02:16:52
639,33,43,2025-11-06 02:16:52
640,33,1,2025-11-06 02:16:52
641,33,51,2025-11-06 02:16:52
645,7,8,2025-11-20 19:53:08
646,7,16,2025-11-20 19:53:08
647,7,33,2025-11-20 19:53:08
648,34,39,2025-11-29 23:43:45
649,34,17,2025-11-29 23:43:45
650,34,21,2025-11-29 23:43:45
651,34,17,2025-12-09 15:25:31
652,29,33,2025-11-26 18:52:49
653,29,43,2025-11-26 18:52:49
654,29,6,2025-11-26 18:52:49
662,5,51,2025-12-06 23:57:08
663,5,26,2025-12-06 23:57:08
664,5,33,2025-12-06 23:57:08
666,9,3,2025-11-07 23:52:23
667,9,42,2025-11-07 23:52:23
668,1,36,2025-11-28 06:05:49
669,1,11,2025-11-28 06:05:49
670,15,29,2025-11-24 10:25:14
671,2,21,2025-11-13 15:22:07
674,22,51,2025-11-30 14:50:58
675,37,39,2025-12-10 07:50:09
677,6,17,2025-11-07 17:03:02
678,6,1,2025-11-07 17:03:02
679,6,8,2025-11-07 17:03:02
681,37,10,2025-11-22 05:02:24
682,37,8,2025-11-22 05:02:24
686,34,39,2025-11-13 23:11:27
687,34,10,2025-11-13 23:11:27
688,34,51,2025-11-13 23:11:27
689,15,13,2025-11-11 09:24:24
690,15,6,2025-11-11 09:24:24
691,15,35,2025-11-12 11:42:07
692,15,17,2025-11-12 11:42:07
693,26,22,2025-11-27 07:11:54
694,26,8,2025-11-27 07:11:54
695,26,51,2025-11-27 07:11:54
696,25,40,2025-12-10 05:53:42
697,22,8,2025-11-22 05:17:45
698,22,54,2025-11-22 05:17:45
699,22,15,2025-11-22 05:17:45
700,22,22,2025-11-22 05:17:45
706,10,34,2025-12-09 17:01:49
707,33,5,2025-11-14 15:46:48
708,33,39,2025-11-14 15:46:48
709,33,34,2025-11-14 15:46:48
717,18,8,2025-11-11 14:40:44
718,18,40,2025-11-11 14:40:44
719,18,26,2025-11-11 14:40:44
720,18,22,2025-11-11 14:40:44
721,33,8,2025-11-17 15:46:39
722,9,24,2025-12-05 06:06:12
723,9,33,2025-12-05 06:06:12
729,3,51,2025-12-01 11:18:09
730,35,2,2025-11-29 04:56:16
731,22,52,2025-12-08 15:54:32
732,27,16,2025-11-19 14:37:47
733,27,13,2025-11-19 14:37:47
734,27,51,2025-11-19 14:37:47
735,27,52,2025-11-19 14:37:47
738,2,17,2025-12-03 19:47:22
739,17,8,2025-11-28 22:06:37
740,17,40,2025-11-28 22:06:37
741,6,36,2025-12-05 07:08:29
742,6,1,2025-12-05 07:08:29
743,6,40,2025-12-05 07:08:29
744,6,22,2025-12-05 07:08:29
745,1,8,2025-12-06 12:54:49
746,1,39,2025-12-06 12:54:49
747,6,16,2025-11-08 19:48:27
751,7,10,2025-11-17 09:44:03
